env_steps,eval/episode_reward,eval/episode_reward_std,wall_time_sec
0,0.0010416352888569236,0.0029541687108576298,91.74948048591614
